<?xml version="1.0" encoding="UTF-8"?>

<mule xmlns:servlet="http://www.mulesoft.org/schema/mule/servlet" xmlns:encryption="http://www.mulesoft.org/schema/mule/encryption"
	xmlns:validation="http://www.mulesoft.org/schema/mule/validation" xmlns:tracking="http://www.mulesoft.org/schema/mule/ee/tracking" xmlns:jms="http://www.mulesoft.org/schema/mule/jms"
	xmlns:http="http://www.mulesoft.org/schema/mule/http" xmlns:dw="http://www.mulesoft.org/schema/mule/ee/dw" xmlns:scripting="http://www.mulesoft.org/schema/mule/scripting"
	xmlns:json="http://www.mulesoft.org/schema/mule/json" xmlns:schedulers="http://www.mulesoft.org/schema/mule/schedulers" xmlns:context="http://www.springframework.org/schema/context"
	xmlns:quartz="http://www.mulesoft.org/schema/mule/quartz" xmlns:file="http://www.mulesoft.org/schema/mule/file" xmlns="http://www.mulesoft.org/schema/mule/core"
	xmlns:doc="http://www.mulesoft.org/schema/mule/documentation" xmlns:spring="http://www.springframework.org/schema/beans" xmlns:xsi="http://www.w3.org/2001/XMLSchema-instance"
	xsi:schemaLocation="http://www.mulesoft.org/schema/mule/encryption http://www.mulesoft.org/schema/mule/encryption/current/mule-encryption.xsd
http://www.mulesoft.org/schema/mule/ee/dw http://www.mulesoft.org/schema/mule/ee/dw/current/dw.xsd
http://www.mulesoft.org/schema/mule/json http://www.mulesoft.org/schema/mule/json/current/mule-json.xsd
http://www.mulesoft.org/schema/mule/schedulers http://www.mulesoft.org/schema/mule/schedulers/current/mule-schedulers.xsd
http://www.springframework.org/schema/context http://www.springframework.org/schema/context/spring-context-current.xsd
http://www.springframework.org/schema/beans http://www.springframework.org/schema/beans/spring-beans-current.xsd
http://www.mulesoft.org/schema/mule/core http://www.mulesoft.org/schema/mule/core/current/mule.xsd
http://www.mulesoft.org/schema/mule/file http://www.mulesoft.org/schema/mule/file/current/mule-file.xsd
http://www.mulesoft.org/schema/mule/quartz http://www.mulesoft.org/schema/mule/quartz/current/mule-quartz.xsd
http://www.mulesoft.org/schema/mule/scripting http://www.mulesoft.org/schema/mule/scripting/current/mule-scripting.xsd
http://www.mulesoft.org/schema/mule/http http://www.mulesoft.org/schema/mule/http/current/mule-http.xsd
http://www.mulesoft.org/schema/mule/jms http://www.mulesoft.org/schema/mule/jms/current/mule-jms.xsd
http://www.mulesoft.org/schema/mule/ee/tracking http://www.mulesoft.org/schema/mule/ee/tracking/current/mule-tracking-ee.xsd
http://www.mulesoft.org/schema/mule/validation http://www.mulesoft.org/schema/mule/validation/current/mule-validation.xsd
http://www.mulesoft.org/schema/mule/servlet http://www.mulesoft.org/schema/mule/servlet/current/mule-servlet.xsd">
	<flow name="grange-decryptFlow">
		<json:json-to-object-transformer returnClass="java.util.Map" doc:name="JSON to Object" />
		<set-variable variableName="decryptFolderPath" value="#[payload.folderPath.replaceAll('\\\\','/')]" doc:name="EncryptFolderPath Variable" />
		<set-variable variableName="decryptFileName" value="#[payload.fileName.replace('.encrypt','')]" doc:name="EncryptFolderPath Variable" />
		<set-variable variableName="filePath" value="#[payload.filePath]" doc:name="FilePath Variable" />
		<scripting:transformer doc:name="Groovy">
			<scripting:script engine="Groovy"><![CDATA[File file = new File(payload.filePath);
if(file.exists()){
	return file.getBytes();
}else{
	log.info("File "+payload.filePath+" doesn't exist. Processing for this particular file is suspended");
	return "";
}
			]]></scripting:script>
		</scripting:transformer>
		<logger message="#[payload]" level="INFO" doc:name="Logger" />
		<validation:is-true expression="#[payload != &quot;&quot;]" doc:name="Validation to check if file exists" message="Empty Payload, validation failed" />
		<encryption:decrypt config-ref="PGPEncryption" doc:name="Decryption" using="PGP_ENCRYPTER">
			<encryption:pgp-encrypter principal="${pgpencryption.principal}" />
		</encryption:decrypt>
		<file:outbound-endpoint path="#[flowVars.decryptFolderPath]" outputPattern="#[flowVars.decryptFileName]" responseTimeout="10000"
			doc:name="Encrypted File" />
		<expression-component doc:name="Expression"><![CDATA[#[java.nio.file.Files.deleteIfExists(java.nio.file.Paths.get(flowVars.filePath))]]]></expression-component>
		<logger message="#['File Decrypted']" level="INFO" doc:name="Logger" />
	</flow>
	<flow name="decryptFlow">
		<poll doc:name="Poll">
			<schedulers:cron-scheduler expression="${pgpencryption.decrypt.activemq.poll.cron.expression}" />

			<component class="com.grange.GetDecryptQueueMessages" doc:name="GetDecryptQueueMessages Java"/>
		<!-- <invoke object-ref="activeMQConfig" method="readAllMessagesFromQueue" doc:name="Read JMS Queue Component" name="ReadAllDecryptMessagesFromQueue" doc:description="Sample 
				Expected Message from Queue: { &quot;filePath&quot;:&quot;\\path\to\File&quot;, &quot;timeCreated&quot;:&quot;ZPA000101735&quot;}" methodArgumentTypes="java.lang.String" 
				methodArguments="${pgpencryption.activemq.decryptionqueue}" /> -->
		</poll>
		<foreach collection="#[payload]" doc:name="For Each">
			<flow-ref name="grange-decryptFlow" doc:name="Process of Decryption starts here" />
		</foreach>
	</flow>
</mule>
