<?xml version="1.0" encoding="UTF-8"?>

<mule xmlns:db="http://www.mulesoft.org/schema/mule/db" xmlns:encryption="http://www.mulesoft.org/schema/mule/encryption" xmlns:validation="http://www.mulesoft.org/schema/mule/validation"
	xmlns:tracking="http://www.mulesoft.org/schema/mule/ee/tracking" xmlns:jms="http://www.mulesoft.org/schema/mule/jms" xmlns:http="http://www.mulesoft.org/schema/mule/http"
	xmlns:dw="http://www.mulesoft.org/schema/mule/ee/dw" xmlns:scripting="http://www.mulesoft.org/schema/mule/scripting" xmlns:json="http://www.mulesoft.org/schema/mule/json"
	xmlns:schedulers="http://www.mulesoft.org/schema/mule/schedulers" xmlns:context="http://www.springframework.org/schema/context" xmlns:quartz="http://www.mulesoft.org/schema/mule/quartz"
	xmlns:file="http://www.mulesoft.org/schema/mule/file" xmlns="http://www.mulesoft.org/schema/mule/core" xmlns:doc="http://www.mulesoft.org/schema/mule/documentation"
	xmlns:spring="http://www.springframework.org/schema/beans" xmlns:xsi="http://www.w3.org/2001/XMLSchema-instance"
	xsi:schemaLocation="http://www.mulesoft.org/schema/mule/db http://www.mulesoft.org/schema/mule/db/current/mule-db.xsd
http://www.mulesoft.org/schema/mule/encryption http://www.mulesoft.org/schema/mule/encryption/current/mule-encryption.xsd
http://www.mulesoft.org/schema/mule/ee/dw http://www.mulesoft.org/schema/mule/ee/dw/current/dw.xsd
http://www.mulesoft.org/schema/mule/json http://www.mulesoft.org/schema/mule/json/current/mule-json.xsd
http://www.mulesoft.org/schema/mule/schedulers http://www.mulesoft.org/schema/mule/schedulers/current/mule-schedulers.xsd
http://www.springframework.org/schema/context http://www.springframework.org/schema/context/spring-context-current.xsd
http://www.springframework.org/schema/beans http://www.springframework.org/schema/beans/spring-beans-current.xsd
http://www.mulesoft.org/schema/mule/core http://www.mulesoft.org/schema/mule/core/current/mule.xsd
http://www.mulesoft.org/schema/mule/file http://www.mulesoft.org/schema/mule/file/current/mule-file.xsd
http://www.mulesoft.org/schema/mule/quartz http://www.mulesoft.org/schema/mule/quartz/current/mule-quartz.xsd
http://www.mulesoft.org/schema/mule/scripting http://www.mulesoft.org/schema/mule/scripting/current/mule-scripting.xsd
http://www.mulesoft.org/schema/mule/http http://www.mulesoft.org/schema/mule/http/current/mule-http.xsd
http://www.mulesoft.org/schema/mule/jms http://www.mulesoft.org/schema/mule/jms/current/mule-jms.xsd
http://www.mulesoft.org/schema/mule/ee/tracking http://www.mulesoft.org/schema/mule/ee/tracking/current/mule-tracking-ee.xsd
http://www.mulesoft.org/schema/mule/validation http://www.mulesoft.org/schema/mule/validation/current/mule-validation.xsd">
	<context:property-placeholder location="pgp-${MULE_ENV}.properties" />
	<spring:beans>
		<spring:bean id="jsonMessageBuilder" class="com.grange.JSONMessageBuilder" />
	</spring:beans>

	<db:generic-config name="SQL_Database_Configuration"
		url="jdbc:sqlserver://${mssql.server};databaseName=${mssql.database};user=${mssql.user};password=${mssql.password}" driverClassName="com.microsoft.sqlserver.jdbc.SQLServerDriver"
		doc:name="Generic Database Configuration" />
	<quartz:connector name="Quartz" validateConnections="true" doc:name="Quartz" />
	<encryption:config name="PGPEncryption" defaultEncrypter="PGP_ENCRYPTER" doc:name="Encryption">
		<encryption:pgp-encrypter-config publicKeyRingFileName="${pgpencryption.publicKeyRingFileName}" secretAliasId="${pgpencryption.secretAliasId}"
			secretPassphrase="${pgpencryption.secretPassphrase}" principal="${pgpencryption.principal}" secretKeyRingFileName="${pgpencryption.secKeyRingFileName}" />
	</encryption:config>
	<jms:activemq-connector name="Active_MQ_Config" username="${pgpencryption.activemq.user}" password="${pgpencryption.activemq.secret}"
		brokerURL="${pgpencryption.activemq.url}" validateConnections="true" doc:name="Active MQ" />
	<jms:endpoint queue="${pgpencryption.activemq.queue}" connector-ref="Active_MQ_Config" name="PGPEncryptionJMS" doc:name="PGPEncryptionJMS" />
	<jms:endpoint queue="${pgpencryption.activemq.decryptionqueue}" connector-ref="Active_MQ_Config" name="PGPDecryptionJMS" doc:name="PGPDecryptionJMS" />
	<flow name="mainFlow">
		<poll doc:name="Poll">
			<schedulers:cron-scheduler expression="${pgpencryption.activemq.poll.cron.expression}" />
			<component class="com.grange.GetEncryptQueueMessages" doc:name="GetEncryptQueueMessages Java"
				doc:description="Sample Expected Message from Queue: { &quot;filePath&quot;:&quot;\\path\to\File&quot;, &quot;timeCreated&quot;:&quot;ZPA000101735&quot;}" />
			<!-- <invoke object-ref="activeMQConfig" method="readAllMessagesFromQueue" doc:name="Read JMS Queue Component" name="ReadAllMessagesFromQueue" doc:description="Sample 
				Expected Message from Queue: { &quot;filePath&quot;:&quot;\\path\to\File&quot;, &quot;timeCreated&quot;:&quot;ZPA000101735&quot;}" methodArgumentTypes="java.lang.String" 
				methodArguments="${pgpencryption.activemq.queue}" /> -->
		</poll>
		<foreach collection="#[payload]" doc:name="For Each">
			<flow-ref name="processFileForEncryption" doc:name="Process of Encryption starts here" />
		</foreach>
	</flow>
	<flow name="startFileWatcherFlow">
		<quartz:inbound-endpoint name="runOnce" repeatCount="0" repeatInterval="1" jobName="jobRunOnce" connector-ref="Quartz"
			doc:name="Quartz Trigger Once During Startup" responseTimeout="10000">
			<quartz:event-generator-job>
				<quartz:payload>
					Empty Message
				</quartz:payload>
			</quartz:event-generator-job>
		</quartz:inbound-endpoint>
		<set-variable variableName="environment"
			value="#[dw('(&quot;${pgpcipher.watcher.environment}&quot; splitBy &quot;,&quot;) map (&quot;\'&quot; ++ $ ++ &quot;\'&quot;) joinBy &quot;,&quot;')]"
			doc:name="Variable" />
		<db:select config-ref="SQL_Database_Configuration" doc:name="Database">
			<db:dynamic-query><![CDATA[SELECT [ID],[Directory],[Environment],[DirectoryType]
  FROM [dbo].[PGPCipherDirectories]
  WHERE Environment IN (#[flowVars.environment])]]></db:dynamic-query>
		</db:select>
		<scatter-gather doc:name="Scatter-Gather">
			<async doc:name="Async">
				<component class="com.grange.GrangeEncryptFileWatcher" doc:name="GrangeEncryptFileWatcher Java" />
			</async>
			<async doc:name="Async">
				<component class="com.grange.GrangeDecryptFileWatcher" doc:name="GrangeDecryptFileWatcher Java" />
			</async>
		</scatter-gather>
	</flow>
	<flow name="processFileForEncryption">
		<logger message="#['Message from queue : '+payload]" level="INFO" doc:name="Logger" />
		<json:object-to-json-transformer doc:name="Object to JSON" />
		<set-variable variableName="inputMessage" value="#[payload]" doc:name="Input Queue Message Variable" />
		<dw:transform-message doc:name="Transform Message">
			<dw:set-variable variableName="fileAge"><![CDATA[%dw 1.0
%var currentTimeStamp = now as :localdatetime {format: p('pgpencryption.dateformat')}
%var fileTimeStamp = payload.timeCreated as :localdatetime {format: p('pgpencryption.dateformat')}
%var timeDiff = fileTimeStamp-currentTimeStamp
%var numberOfHours = timeDiff scan /PT(.*)H/
%var numberOfHMins = timeDiff scan /H(.*)M/
%var numberOfMins = timeDiff scan /PT(.*)M/
%output application/java
---
(numberOfHours[0][1] * 60) + numberOfHMins[0][1] when numberOfHours[0][1] !=null and numberOfMins[0][1] !=null 
otherwise numberOfMins[0][1] when numberOfHMins[0][1] ==null and numberOfMins[0][1] !=null
otherwise 0]]></dw:set-variable>
		</dw:transform-message>
		<logger message="#['File Age : '+flowVars.fileAge+'&gt;'+${pgpencryption.fileage.limit.mins}+':'+(flowVars.fileAge&gt;${pgpencryption.fileage.limit.mins})]"
			level="INFO" doc:name="Logger" />
		<choice doc:name="Choice">
			<when expression="#[flowVars.fileAge>${pgpencryption.fileage.limit.mins}]">
				<flow-ref name="encryptFileFlow" doc:name="Flow Reference" />
			</when>
			<otherwise>
				<set-payload value="#[flowVars.inputMessage]" doc:name="Set Payload" />
				<jms:outbound-endpoint doc:name="JMS" connector-ref="Active_MQ_Config" queue="${pgpencryption.activemq.queue}" />
			</otherwise>
		</choice>
	</flow>
	<sub-flow name="encryptFileFlow">
		<set-variable variableName="encryptFolderPath" value="" doc:name="encryptFolderPath Variable" />
		<set-variable variableName="encryptFileName" value="" doc:name="encryptFileName Variable" />
		<json:json-to-object-transformer returnClass="java.util.Map" doc:name="JSON to Object" />
		<set-variable variableName="filePath" value="#[payload.filePath]" doc:name="FilePath Variable" />
		<scripting:transformer doc:name="Groovy">
			<scripting:script engine="Groovy"><![CDATA[File file = new File(payload.filePath);
if(file.exists()){
	log.info("File "+file.name+" exists");
	File encryptFolderPath = new File(payload.encryptFolderPath);
	if(!encryptFolderPath.exists()){
		encryptFolderPath.mkdirs();
	}
	flowVars.encryptFolderPath=encryptFolderPath.absolutePath.replaceAll("\\\\", "/")+'/';
	flowVars.encryptFileName=payload.fileName+'.encrypt';
	return file.getBytes();
	
}else {
	log.info("File "+payload.filePath+" doesn't exist. Processing for this particular file is suspended");
	return "";
}]]></scripting:script>
		</scripting:transformer>
		<logger message="#[payload]" level="INFO" doc:name="Logger" />
		<validation:is-true expression="#[payload != &quot;&quot;]" doc:name="Validation to check if file exists"
			message="Empty Payload, validation failed- Either File doesn't exist or there is no content in File" />
		<encryption:encrypt config-ref="PGPEncryption" streamName="${pgpencryption.principal}" doc:name="Encryption" />
		<file:outbound-endpoint path="#[flowVars.encryptFolderPath]" outputPattern="#[flowVars.encryptFileName]" responseTimeout="10000"
			doc:name="Encrypted File" />
		<expression-component doc:name="Expression"><![CDATA[#[java.nio.file.Files.deleteIfExists(java.nio.file.Paths.get(flowVars.filePath))]]]></expression-component>
		<logger message="#['File Encrypted']" level="INFO" doc:name="Logger" />
	</sub-flow>
</mule>
