<?xml version="1.0" encoding="UTF-8"?>

<mule xmlns:db="http://www.mulesoft.org/schema/mule/db" xmlns:quartz="http://www.mulesoft.org/schema/mule/quartz" xmlns:schedulers="http://www.mulesoft.org/schema/mule/schedulers"
	xmlns="http://www.mulesoft.org/schema/mule/core" xmlns:doc="http://www.mulesoft.org/schema/mule/documentation" xmlns:spring="http://www.springframework.org/schema/beans"
	xmlns:xsi="http://www.w3.org/2001/XMLSchema-instance"
	xsi:schemaLocation="http://www.mulesoft.org/schema/mule/db http://www.mulesoft.org/schema/mule/db/current/mule-db.xsd
http://www.springframework.org/schema/beans http://www.springframework.org/schema/beans/spring-beans-current.xsd
http://www.mulesoft.org/schema/mule/core http://www.mulesoft.org/schema/mule/core/current/mule.xsd
http://www.mulesoft.org/schema/mule/schedulers http://www.mulesoft.org/schema/mule/schedulers/current/mule-schedulers.xsd
http://www.mulesoft.org/schema/mule/quartz http://www.mulesoft.org/schema/mule/quartz/current/mule-quartz.xsd">
	<flow name="purgeFlow">
		<quartz:inbound-endpoint jobName="PurgeAgedFiles" cronExpression="0 24 17 * * ? *" repeatInterval="0" responseTimeout="10000"
			doc:name="Quartz">
			<quartz:event-generator-job>
				<quartz:payload>
					Empty Message
				</quartz:payload>
			</quartz:event-generator-job>
		</quartz:inbound-endpoint>
		<set-variable variableName="environment"
			value="#[dw('(&quot;${pgpcipher.watcher.environment}&quot; splitBy &quot;,&quot;) map (&quot;\'&quot; ++ $ ++ &quot;\'&quot;) joinBy &quot;,&quot;')]"
			doc:name="Variable" />
		<db:select config-ref="SQL_Database_Configuration" doc:name="Database">
			<db:dynamic-query><![CDATA[SELECT [ID],[Directory],[Environment],[DirectoryType]
  FROM [dbo].[PGPCipherDirectories]
  WHERE Environment IN (#[flowVars.environment])]]></db:dynamic-query>
		</db:select>
		<component class="com.grange.GrangePurgeFile" doc:name="GrangePurgeFile Java" />
	</flow>
</mule>
