{
   "$schema": "http://json-schema.org/draft-04/schema#",
   "title": "FileEncryption",
   "type": "object",
   "properties": {
      "filename": {
         "description": "The unique identifier for a product",
         "type": "string"
      },
      "folderpath": {
         "description": "Name of the product",
         "type": "string"
      },
      "destinationpath": {
      	 "description": "Name of the product",
         "type": "string"
      }
   },

   "required": ["filename", "folderpath","destinationpath"]
}