<?xml version="1.0" encoding="UTF-8"?>
<mule xmlns:db="http://www.mulesoft.org/schema/mule/db"
	xmlns:api-platform-gw="http://www.mulesoft.org/schema/mule/api-platform-gw" xmlns:dw="http://www.mulesoft.org/schema/mule/ee/dw"
	xmlns:file="http://www.mulesoft.org/schema/mule/file" xmlns:encryption="http://www.mulesoft.org/schema/mule/encryption"
	xmlns:scripting="http://www.mulesoft.org/schema/mule/scripting" xmlns:json="http://www.mulesoft.org/schema/mule/json"
	xmlns:doc="http://www.mulesoft.org/schema/mule/documentation" xmlns="http://www.mulesoft.org/schema/mule/core"
	xmlns:apikit="http://www.mulesoft.org/schema/mule/apikit" xmlns:http="http://www.mulesoft.org/schema/mule/http"
	xmlns:spring="http://www.springframework.org/schema/beans" xmlns:xsi="http://www.w3.org/2001/XMLSchema-instance"
	xsi:schemaLocation="
http://www.mulesoft.org/schema/mule/db http://www.mulesoft.org/schema/mule/db/current/mule-db.xsd http://www.mulesoft.org/schema/mule/ee/dw http://www.mulesoft.org/schema/mule/ee/dw/current/dw.xsd
http://www.mulesoft.org/schema/mule/file http://www.mulesoft.org/schema/mule/file/current/mule-file.xsd
http://www.mulesoft.org/schema/mule/core http://www.mulesoft.org/schema/mule/core/current/mule.xsd
http://www.mulesoft.org/schema/mule/http http://www.mulesoft.org/schema/mule/http/current/mule-http.xsd
http://www.mulesoft.org/schema/mule/apikit http://www.mulesoft.org/schema/mule/apikit/current/mule-apikit.xsd
http://www.springframework.org/schema/beans http://www.springframework.org/schema/beans/spring-beans-3.1.xsd
http://www.mulesoft.org/schema/mule/json http://www.mulesoft.org/schema/mule/json/current/mule-json.xsd
http://www.mulesoft.org/schema/mule/scripting http://www.mulesoft.org/schema/mule/scripting/current/mule-scripting.xsd
http://www.mulesoft.org/schema/mule/encryption http://www.mulesoft.org/schema/mule/encryption/current/mule-encryption.xsd
http://www.mulesoft.org/schema/mule/api-platform-gw http://www.mulesoft.org/schema/mule/api-platform-gw/current/mule-api-platform-gw.xsd">
	<apikit:config name="api-config" raml="api.raml" consoleEnabled="false" doc:name="Router" />
	<api-platform-gw:api apiName="${pgpencryption.api.name}" version="${pgpencryption.api.version}"
		flowRef="api-main" create="true" doc:name="API Autodiscovery" />
	<flow name="api-main">
		<http:listener config-ref="HTTPS_listner" path="/api/pgp/*" doc:name="HTTP" />
		<apikit:router config-ref="api-config" doc:name="APIkit Router" />
		<exception-strategy ref="api-apiKitGlobalExceptionMapping" doc:name="Reference Exception Strategy" />
	</flow>
	<flow name="api-console">
		<http:listener config-ref="HTTPS_listner" path="/console/*" doc:name="HTTP" />
		<apikit:console config-ref="api-config" doc:name="APIkit Console" />
	</flow>
	<flow name="post:/decryptfile:api-config">
		<flow-ref name="getFileContent" doc:name="Flow Reference" />
		<encryption:decrypt config-ref="PGPEncryption" doc:name="Decryption" using="PGP_ENCRYPTER">
			<encryption:pgp-encrypter principal="${pgpencryption.principal}" />
		</encryption:decrypt>
		<file:outbound-endpoint path="#[flowVars.destFolderPath]" outputPattern="#[flowVars.destDecyrptFileName]"
			responseTimeout="10000" doc:name="Decrypted File" />
		<dw:transform-message doc:name="Transform Message">
			<dw:set-payload><![CDATA[%dw 1.0
%output application/json
---
{
	decryptfile: flowVars.destFolderPath ++ '/' ++ flowVars.destDecyrptFileName,
   	status: "success"
}]]></dw:set-payload>
		</dw:transform-message>
		<catch-exception-strategy doc:name="Catch Exception Strategy">
			<flow-ref name="exceptionflow" doc:name="Exception Flow Reference" />
		</catch-exception-strategy>
	</flow>
	<flow name="post:/encryptfile:api-config">
		<flow-ref name="getFileContent" doc:name="Flow Reference" />
		<encryption:encrypt config-ref="PGPEncryption" doc:name="Encryption" />
		<file:outbound-endpoint path="#[flowVars.destFolderPath]" outputPattern="#[flowVars.destEncyrptFileName]"
			responseTimeout="10000" doc:name="Encrypted File" />
		<dw:transform-message doc:name="Transform Message">
			<dw:set-payload><![CDATA[%dw 1.0
%output application/json
---
{
	encryptfile: flowVars.destFolderPath ++ '/' ++ flowVars.destEncyrptFileName,
   	status: "success"
}]]></dw:set-payload>
		</dw:transform-message>
		<catch-exception-strategy doc:name="Catch Exception Strategy">
			<flow-ref name="exceptionflow" doc:name="Exception Flow Reference" />
		</catch-exception-strategy>
	</flow>
	<sub-flow name="getFileContent">
		<byte-array-to-string-transformer doc:name="Byte Array to String" />
		<json:object-to-json-transformer doc:name="Object to JSON" />
		<json:validate-schema schemaLocation="jsonschema/encrypt-request-schema.json" doc:name="Validate JSON Schema" />
		<json:json-to-object-transformer returnClass="java.util.Map" doc:name="JSON to Object" />
		<set-variable variableName="destFolderPath" value="#[payload.destinationpath.replaceAll(&quot;\\\\&quot;, &quot;/&quot;)]"
			doc:name="destFolderPath" />
		<set-variable variableName="destEncyrptFileName" value="#[payload.filename+'.encrypt']" doc:name="destEncryptFileName" />
		<set-variable variableName="destDecyrptFileName" value="#[payload.filename.replaceAll('.encrypt','')]"
			doc:name="destDecryptFileName" />
		<scripting:component doc:name="Groovy">
			<scripting:script engine="Groovy"><![CDATA[
def filePath = payload.folderpath+"/"+payload.filename;
log.info("File Path: "+filePath);
File file = new File(filePath);
if(file.exists()){
	return file.getBytes();
}else{
	log.info("File "+filePath+" doesn't exist");
    throw new java.lang.IllegalArgumentException("File "+filePath+" doesn't exist");
	return "";
}]]></scripting:script>
		</scripting:component>
	</sub-flow>
	<sub-flow name="exceptionflow">
		<logger message="#[exception.message]" level="ERROR" doc:name="Logger" />
		<set-variable variableName="exception" value="#[exception.cause.?message or exception.cause]" doc:name="Set Exception to FlowVars"
			doc:description="This is to ensure that exception object is avaiable to Send Support Email component which uses exception from flowVars instead of the one set by mule at #[exception] as it sometimes tend to get lost." />
		<dw:transform-message doc:name="Transform Message">
			<dw:set-payload><![CDATA[%dw 1.0
%output application/json
---
{
   	Status: "Error",
   	ErrorMessage: flowVars.exception
}]]></dw:set-payload>
		</dw:transform-message>
	</sub-flow>
	<flow name="get:/processexistingfiles:api-config">
        <logger message="#['Started Capturing Existing File(s)']" level="INFO" doc:name="Logger"/>
        <set-variable variableName="environment"
			value="#[dw('(&quot;${pgpcipher.watcher.environment}&quot; splitBy &quot;,&quot;) map (&quot;\'&quot; ++ $ ++ &quot;\'&quot;) joinBy &quot;,&quot;')]"
			doc:name="Variable" />
		<db:select config-ref="SQL_Database_Configuration" doc:name="Database">
			<db:dynamic-query><![CDATA[SELECT [ID],[Directory],[Environment],[DirectoryType]
  FROM [dbo].[PGPCipherDirectories]
  WHERE Environment IN (#[flowVars.environment])]]></db:dynamic-query>
		</db:select>
        <component class="com.grange.GrangePrepareExistingFiles" doc:name="Grange Prepare Existing Files Java Component"/>
        <logger message="#['Existing files captured']" level="INFO" doc:name="Logger"/>
        <dw:transform-message doc:name="Transform Message">
            <dw:set-payload><![CDATA[%dw 1.0
%output application/json
---
{
   	Status: "Done"
}]]></dw:set-payload>
        </dw:transform-message>
	</flow>
	<apikit:mapping-exception-strategy name="api-apiKitGlobalExceptionMapping">
		<apikit:mapping statusCode="404">
			<apikit:exception value="org.mule.module.apikit.exception.NotFoundException" />
			<set-property propertyName="Content-Type" value="application/json" doc:name="Property" />
			<set-payload value="{ &quot;message&quot;: &quot;Resource not found&quot; }" doc:name="Set Payload" />
		</apikit:mapping>
		<apikit:mapping statusCode="405">
			<apikit:exception value="org.mule.module.apikit.exception.MethodNotAllowedException" />
			<set-property propertyName="Content-Type" value="application/json" doc:name="Property" />
			<set-payload value="{ &quot;message&quot;: &quot;Method not allowed&quot; }" doc:name="Set Payload" />
		</apikit:mapping>
		<apikit:mapping statusCode="415">
			<apikit:exception value="org.mule.module.apikit.exception.UnsupportedMediaTypeException" />
			<set-property propertyName="Content-Type" value="application/json" doc:name="Property" />
			<set-payload value="{ &quot;message&quot;: &quot;Unsupported media type&quot; }" doc:name="Set Payload" />
		</apikit:mapping>
		<apikit:mapping statusCode="406">
			<apikit:exception value="org.mule.module.apikit.exception.NotAcceptableException" />
			<set-property propertyName="Content-Type" value="application/json" doc:name="Property" />
			<set-payload value="{ &quot;message&quot;: &quot;Not acceptable&quot; }" doc:name="Set Payload" />
		</apikit:mapping>
		<apikit:mapping statusCode="400">
			<apikit:exception value="org.mule.module.apikit.exception.BadRequestException" />
			<set-property propertyName="Content-Type" value="application/json" doc:name="Property" />
			<set-payload value="{ &quot;message&quot;: &quot;Bad request&quot; }" doc:name="Set Payload" />
		</apikit:mapping>

	</apikit:mapping-exception-strategy>
</mule>
